[
    {
        "label": "Client Name",
        "value": "",
        "model": "name",
        "type": "text",
        "display": true,
        "table_display": true,
        "items": []
    },
    {
        "label": "Email",
        "value": "",
        "model": "email",
        "type": "text",
        "display": true,
        "table_display": true,
        "items": []
    },
    {
        "label": "Phone No",
        "value": "",
        "model": "phone",
        "type": "text",
        "display": true,
        "table_display": true,
        "items": []
    },
    {
        "label": "Id No.",
        "value": "",
        "model": "id_number",
        "type": "text",
        "display": true,
        "table_display": true,
        "items": []
    },
    {
        "label": "Pin",
        "value": "",
        "model": "pin",
        "type": "text",
        "display": true,
        "table_display": true,
        "items": []
    },
    {
        "label": "Nok Details",
        "value": "",
        "model": "nok_details",
        "type": "text",
        "display": true,
        "table_display": true,
        "items": []
    },
    {
        "label": "Address",
        "value": "",
        "model": "address",
        "type": "text",
        "display": true,
        "table_display": true,
        "items": []
    }
]
