[
    {
        "label": "Sale No",
        "value": null,
        "model": "order_no",
        "type": "text",
        "display": false,
        "table_display": true,
        "items": []
    },
    {
        "label": "Plot No.",
        "value": null,
        "model": "plot_id",
        "type": "select",
        "display": true,
        "table_display": true,
        "items": []
    },
    {
        "label": "Sales Officer",
        "value": null,
        "model": "sales_officer_id",
        "type": "select",
        "display": true,
        "table_display": true,
        "items": []
    },
    {
        "label": "Status",
        "value": null,
        "model": "status",
        "type": "select",
        "display": true,
        "table_display": true,
        "items": ["Pending", "Complete", "Cancelled", "Partially Paid"]
    },
    {
        "label": "Client",
        "value": null,
        "model": "client_id",
        "type": "select",
        "display": true,
        "table_display": true,
        "items": []
    },
    {
        "label": "Amount",
        "value": null,
        "model": "amount",
        "type": "text",
        "display": true,
        "table_display": true,
        "items": []
    },
    {
        "label": "Project",
        "value": null,
        "model": "project_id",
        "type": "select",
        "display": true,
        "table_display": true,
        "items": []
    }
]
