[
    {
        "label": "Client Name",
        "value": "",
        "model": "name",
        "type": "text",
        "display": true,
        "table_display": true,
        "items": []
    },
    {
        "label": "Email",
        "value": "",
        "model": "email",
        "type": "text",
        "display": true,
        "table_display": true,
        "items": []
    },
    {
        "label": "Phone No",
        "value": "",
        "model": "phone",
        "type": "text",
        "display": true,
        "table_display": true,
        "items": []
    }
]
